ScientificName,Phylum,Class,Order,Family,DNA_sequence
Aetomyleus,Chordata,Elasmobranchii,Myliobatiformes,Myliobatidae,ATCTGTGGACCACACTACCCCCCACTTATCCGGGTAATCAATATGAAGATTGACAGTGGCAGGATCTCAGCGTGGATCGCGACATACCTTACGCCACTGAGTTAGCTACCATTGAGTATCCCGCCCAAAACCGTACGTTACTCTTCCCTGCGTAGGGCTAAGAGGAAGCGGTGGAGCCATAGTGGTGCTGCGCAAAAATAAAGGCCGCCCAACTTAGGCGCATATCGGACCTACTGTGTAAGGGTTCGCACGGTCGCAACCGTTCTGTCGAACCACCCGTGCGTGAAATCTAACCAGCAGACAACCCGACATGTGCAAAGCATTGCAGCATCTGCGCAGCGACTGCATATCATGGCTGTGAGCGTTTACATCTCTCCCAGTGTATGGGATGTACATTTCAGTAAATCCGTTTGAGATTTGTTCTCTGGCTCAGGGCGGATAAGCCCGGAACAGATAGCCGAAAAGTGATCTCTGAGTTTAGCGCGAAACCGACGAAAGTGGAGGACTTACAGGTGGTGTGCTTCATTAATCCCCCATTCATCCAGGTATGCTTTTAAAGGGTAAAGATCAAGCTCATACTTAGCCAATTATTACAACCAGATAAAACGGTTTGTGAGGTGTGCAAGCGAGTTTCTCATGATGACGGGCGGATGGTATTATTCTGCCTAACTTGTGCGGGGGAATTCGGCCACATGTAACTATATTGCTCGCTACCGTGGAGGTACGCTTCTGCACTATTCGGCTAGTAAATTTCGAATAGTATTCTATATGGCCTCTGAGTATCTCACAAAAGGGGAAAGTCTGGAGTAAAATATAGCTACTAATCACTCCTCACATGCCGTGTCTCTAACTTCCTTGAAAACATTATTCGACAATCTCAACTGCTGCCGACCCCACTCATGAACTATTGGCCCGGCACTATAGCGCGCACGCAGGGTAAAATAGGGGTTTAACACGTCACTGATCCTCATGTTTGCGAGATTAGATCGTCACTTATACACGGGGTTAGTATGGGATCCACGGGATTTACTCGAGCCCGCTACTCTGTAGGGGATGTAGGGTCATATATAATCGAAGAAAATGGCATTGACTGGCTCCCAGCCGCGCTTGAACAACCCGTGAAAAGCGTTGCTGCATCCCTGTCCAACGCGGGTTATATGGCCGAGGGGACTCAGCCTACCTACAACATGACGGTATTCTAGTTAGCGAGCGTGACACCCACACTTCTAACTTCTTGTCCTAATATGCAGAGGCTCAGGCGAATCACAAAACGTAGCTTTCGATCCGAATCTCCCGGATCTTGGAGGGACTTTGACGTCAGTAACCCCCTGAGTGAATTACCTGGCACGAGACCTAGGTGACAGACCTCAAGAGTGGACGGCAGTAGCGGAAAAGAGCGTTAGTCTAAATGACACGAGCTTTCACTTCTTCTCGTGATTGGCTCACACGTGTCTGTGTTTAATGGCGGCCAAGAAGATTAGAGCCATTCGTGTAGGGGCCATCGCCTACATGCGTCACAATATAAATCTAAGTTACCCACGCCTCTCTTGCCCACCAGATCCCCGCTCTCTCCAGCACTCACCACAACTTTACGTTAGTTCAATACCGGATAGAAGCTTGACGAAGTAGGGCAGCGACCTGTCTCAGATGCCACCCGTCATCTCGCGCCTCTAGCACATCTACACTGCGTGTCAATCCAATACTAGCCAAGCGGACCGTATTATCATGCAACGCCGGAGTATGCGGTGCAGGGGTTTGCACATGCCGCGACTCGCCAATGAAAATTTGCTTCGTAGAGTTCCAACGAAGGTAGCCTCGGAGCGTCACGCCACTGAATGGTATAAGGGAGATGATCAATTTAACAAGGGTCTCTGCCTACCTAGTTGGCCTGGACAACCGAGCGATCTGGCAGAAAGTGTCCCGACTCTCAGTCTGTCTGCAACCTCTTGCGGCATGCATAGGCGCCTTCCAAGGCTAGCGTGACAAGAACTTCGAGGGTTTGTATTTCATCTGGGTGCAATGGCAAAATACCAGGGTCTATTAAGAACTATGCTATTCGCAGCGTGAGTGTGGAAGTGTCTATAGGCAGCGAGCTAGTGTTGCAAGCGTGCCATTGCGCTGCAGCGCCAATTGATTCTGTGGGATTTTGAAAAAGTAGAGGTAGCCTCGTGCAGCTCTGTGACCTAGATTACTCATGCTCAGCATGCGAAATCTGCAGTTTGCAAATTCGGAGAGTGGGCAAACCCTGAGGGAGCGAAAGCACTCATGCGAAGAGCGGCAAATTGAAGACCATACAGTTTGGGAGCGTGCACATACAGACGCAACTACAATTGGTAGCATCTCTGAGTAATGCACAATACGCGTTCTCCCCAACCGTTATCACTACAAACTCTGAGCTGTCGCCGCTTATTAAGCAATTCCAGCAGTCGCGCGCAGACTTGCCTGGAGGCCGAATTAGACTTCTGTAACAAACACAACACGTGACCTACTTGTAGCGTTCGATTATACATCGGAATATGCCAGACAACTCCACTCTAATAACTAGAAAAAACATGAGTAGACACTAGGTTCGTAGACCCACATATCTGCTCGCCTTTATAGGCGGGACCGGTCACCCCACGTTGACCTGTAAAAAGTTGATATACCGATACAGACGTATCGGGCTATGTCAGCCAGAAATAGACTAGGCCACGTGCGCGCCGGCAACAACACTATGCCGGAAATGTCGCGTGCTAAAGCCCTTATTTCAGCCCGGTTCGTCATTGGTCTACCGGTTCGGTTCCAGGCCACACCGGATAAGAATGCTTCACAGATCGAGCGCTTCTGATCTACGTGTAACCCGACCACGTGAAGCCCGCCCATAGAGATCCCGTTTGGAGTACGAACTGTGTACACCCCCCTCTCCACTTGCTTCACGCGGTGAGTGATATCAGAGCTCCGGGGCTAGTTATTAACTAAGGAAATGCGTTCAAACAATAACGCCTACATCTTGCCTACCTGATTGCTGCGGAGCTCTGGCGATGTAAGCCCTATATTGGAGTAAGTCGCACACACACAGCTGAAAGTGGAGCTTTTCGCTTCGGTGACGCGATGGGCCCGGACCGAAATTTAACTGGGTCGTCGACTCCAAAGTGCCCGAACTCCTTATTGGCTGTTTGTTCGTGCCAAACACAACATTACGATTCTTGCCAACAGGAGATATTCAGCTGATGTAAATTACAAACTAAGGGGGTGCAACGGGTTGGATGCGCCCTCCAAGGATACAAACTGTCCGTATTTTCAGACTAAACTTATGTAACAAGTGATATGCGGGTCGAACAGTAAAATCTGGACATCTAAAACCGCGATAGCCCCAATCAACAGGACCTGGGGTAGTGGCTTGCGCCTAACAGACCGGTATATTACCAATCGCTGTGGCCAGCACTTAATTCGCACGTCCGACCCGTAAACCACCTCGGCGGGCTTCCGTCAATTCCGCACGTAATGCCCGATCCCCCGGACAATGGCGTTGGTACGCGTAACGTAATAAGTCATGTCTAGAATGCCGTCTATTTTGTAACCTACTCTGCCGCACACCTACCGCAGCACTAACCGTTTCGTAAGCACTAACGCAGCTGGAACGGGTTAGTCGGTTACTACGTACGGACAGTAGAGACATTCACGTATTAAATGCCTTGGTGCACCGCTTAACCCCGTTGAAAGCGTAAGTTTGCTCATTAAAGCAGATCGGTCGAGAGCCCAGGGATCGCAAGACAGACGTAAACGCACCTTCATCGCCATGTATTATTGGAATGTGCAAGGCTGCTGGACCGGACACGTTAATTCTAATAAAGGGTCTTACCAAACAGTGTCCTCCGACCTCAGGAATCTAATTAATGCAGACGCGAGTTCTAAGGGTATGGCATGACCTGCCGCCGTAAAAAAACGAAACTAACGAAGTCCCCTTTAAACGCACGCGTGATTGTCTATTCTAATTAATAACATTTTATGGGTCGTTTTTGAATGAAAAGTACATTAGGACTAATAGGGTATCTTACGGAGACAACACCAATGAACTAACTTCAGTAACCCATAAATTCGCGCCGCCCAACTCGACTTCCGAAAGGAACCGCGGCTCGAGGCCAGGCCCGATGTAATTTTACTGAAGGCGTTGGCGTCCCAATGTGTTGATGTTAGCCG
Aetomylus maculatus,Chordata,Elasmobranchii,Myliobatiformes,Myliobatidae,TATGTATCTGTTGTGCTCATTTCTCGTACCACGCAGAGGGTCGGTTCTGTCTTAATTAGAATCTTCTTTTGGCACTTAATATGTCAAACATCCCGATCTAACAACGTAAATGAAGACATTGGCCGTTAGGACCTGCAGGTTTGTATTATAGTCGAAAATCAGTTGGTTGACAGGTTCCACCGGGTCTAAACTCGTGGTGATAACCATACTTGGAGGCACCCCAGCGTGTGCAAGTAGATCAGACCCCACCTCCTTGTCGATCGGGATCAAGTTCGGACGCAGCTGCTGCTCGGGTTGATGACGTCCACTAGGTCACGGAACATGCTGACAAATAACTTCTGCATCTAAGTAGCCAATCTCCCGAGCAGTCTCGAGTGTGTCCCTCTCCCCAAGATCCTCCTTGCATAGACACACTCGTACTTGTTGTTATCTTCTGCTAATCCACAACGTTGTTGATCGGCTGTAACCGGTGAATTAGCCTCGAGCTATTAATCTTATATTCAGCAGGCATCGCAGTAGGTTAAAAGCGGTGGTCTCCAAGCGATAACTGTTTACGGTCAGGCATGCGATCGCACTGGACCCGGCCATACACTAGGCCACAGGGTGTCTTCATGCCAGACCTGGTTCTGTCACTAGACGTCCGACCCGGCCTTAAGTTAGCCTACATCACTACCTGATGCGTGCCGACTAACTTCAACAGTGCGGTACTCACCACATTGTTAGAGTCCCCCATTACAGACGAAACTTAACCCGCCCAACTCCTAAATCTTTCTCAGTGGCACTGCGCCCCACATCGTTTATCCACAACCATTTCATGATTTCTTCAATATGCGACAAGCTTATCCTAGCGCGAACGCACTTTACAGTTCAATTAGTTGGCAAGAATTGCTTACACATCCCAGTGCATCTTACTCCCTAGTGTAAGCTGAGAGAGACGGTGCCGGCCCCCCAACTTCATGGGTATTTTTTGGGGATGCGTTTTCGTTCGCCAATCAGCTAGAGTCTGTCAATAGCACGTAATTGTGCGAGGTGATTTTGGGATACTACGTTGAGCGAACTGCGATGCAGGACGGTACCATCGGGAATACGTAGAACGGATTAATTGCTTTGGGTTGCCAGATGCGACACCCCTACAATTACCTACGTAACTTCCTAAAGCTACGTAAGTGGAACAAACCACTAAGTCCATGGTCTACGTTTACGGAAACATATAGATGAGTCGTTTCCAGTACACCGTCATACATTATGTAGATGTTCACTGACGTCAGATGAGTGACCATCAGGCCAAGCATCGAAATCCCAGATTGGCCTCGATACGGTCGTTATGATCACCGTGCATGTAACTCCCGAAGCCAGCCCAAAGTGTTGAGGGCTCGCGGTCGCATTGATATGATTACTCTTGCCGCTCGGAATGCGAACGATGAGTTAAGCCAGATAGCAGCCCCGAGGGAGCAAGTCAGAAACTGCGCAGTCGGATGAACACGATAAGCGGCGACTAGGAAAATGAATAGATGAGCCGTTCTCAATGTTCCGCCCATTTATCCTGACGTGAAAACATTGCCGCTTTAGCGCCTGAGACAGACCTACCTTAGAATCACCGGCGTCAGTCCTTTAAACACAGGCGGTGTGGTAACGAAGTACGACAAGTGGAGGCGTCTCGAACGGACCACTTCTCAGGGCGGGGCTAGCTTGAACGAGCGCGGGTGCGCACACGCCCTTCCGCCCTTCCTAGCTGTTATTGTAAACGCCAGTGGGATTGAGTCATTTTGGCCACAGATAAACTAGAACCCGCCCATCATTTTATCTTCAAAGAGATGCACATGGAAAAGGCTCACGGGGCGCTGTCGGTATAGTTCTTTCGGCTGAGAGTTAAGGCCCTGCTTAAGCCTTCCGAAGCGTGCTGTACTCCACTACACTCCCGCAGGCAAACGTAGGATATCGTCTTATTTGAGCTATGTTAGGACATTGGCAATATCAAACGAAGATGGGATCATTACTTTGACGGCTTCTAACCAGACCGTGATGGCCTTTGAAAGGTGCCTGTAGCATGGCTGCCGTTCAGTCCGTGCCCCTGAGCCAGTAGTCGGTGAGATAAGATTGAATGCGCCGGCGAATTCCCTCAAACAGTAGGGCTACACTGTAGCAATCCGGAAATTGTTCTCCCGCTTTTCGGAATCTAGGTTGCAACCGTCGTGAAGGTGCGATTCTGCATCGGGCAACTACTGCAACAGCATCACCCAAGCGCCCCATAACACTATTCTGGGAAATACCCCGTGACATACCGGCGAAGGCTTTCGAGGGGCTTTAGGCGTTCGTGACCAAGCGGGTGCGCTGGCGGGACACAGTCCGAACCGGCTGTTTTTGCTAGTAACGACAAGTTGATAATCCAGTGTGTGAATGATCTGCTAGCCGAGGCCTAGGCATTCTGTGTTCACAGAAAGCGAACACGTGGCACGCAGATGTCCAGGTTGCTGCTTTAGTGATCTAATCGGCCCTCACTTCGTATCGAATTACCAACCCGTATGCACGCCGGGGAGTGCCCACCCCTTTGGTGTTAGTTGCCTGCCTGCAGCTTGATATGTAGGGACTCAACGGTTATCCATCCTCCTTGAGTCACATGGGGGCAGATTGCTAGAGGACTTAGTCGATACGGGTGTCCTCGCTTCATGGTAGTCTTCGATAACAGCGTAGACGGGGTAGAAAAACGTCACACGACGGCAACCTACGCTTATACGATGGACCTTTTACCTAGACCTACCCCCACTTGGCATGTATGAGGTACGCCGGCGCTAGCTTTATGGAAATATCCCGTACGCCGCGCATGTCGAGTTTTCCGCCATGCACAAGCGCGTATTACCGCGGAACACAAACGTCAAAGACGATGCGCGGTGGTTTGGCCGGATAGGTAATCGCAAGGCGGAATCACTGACTGCGTTCTCCTTGAGCCATTTAGGCGACCGCCAGAATGTTTGTGTAGTAAGAGTAGAAAGTCACTGATGGGTATTTGTGCTTGTTTACCCCTGGCCTTCGACCATGCCTGTCTCACCCGCTCGGACCTCACATGGGTAGGCACTGTCTGGCAAACAACTTGCACGAGTGACTCTCCCAGGACAACGGGTTTCCCGACCGGAACTCCGTTGGCTCTATTTGCACGGTCTTTCGCCGCAGCACTAGACCCATGCGTTTCGGCTAGGGATGCGCTACTGATTCTGCGCAGATTCAGGGGGCCAGA
Aetomylus milvus,Chordata,Elasmobranchii,Myliobatiformes,Myliobatidae,GTCACATTGGTCGCGCTACTTAAGCCCAGGTCATTATGGCGGCTCACCCTGGGGGGTTGCTTAGACGTGTGTCGCATGTTAAAGTATGAGCTATTCGATGTACAGTGGGGATAGAGTTTTAGTATGATTCCGGGGCGCCCCAGCGGGCGCCACAGTTTCGCAGGCCTTAGCAAGTTTTAACTACGAATCCCGTAGATCAGCTGAACCTACGGAACTCTCTAGTTATGTGCCCTTATTAACGCTATACGAGTGGGTGATAACGCGGGATAGAGAGCAACAAAAGGGCGGCATGCTCCGGACCAGGTCTGCGTATCGGCTCTAATGCGAGGACTGGCTTACAAGGCGAGGCATAGGGGCGGATCATATACGGCAGCAGATGGACGCTGCAATTAACAGTCGTACCGTCCAAGTTGCGTAGGGGGTCCTCAAATTAGTGGTACGGTCAAATGTCGAGATTGCGACAACGGGAGGTTAGTTTCACTGTAAAGATTTTTACACCAGACACATTATGCTCCGAGCCGCACTTCACGTGGGGAAAGGGATACTAAGAACAGAGACCGGCCTAAACTTAACAGTGAGTTTGCTGCCGATCGGCACTGCGCGGTCACCTGATAGGTACTCACCCAAGGTCGGTACCTGAGTTGGTTGGGAAAACAAGTGTAAGATTTCCGTAACTCACTACGGGAGAAGCCGATGGGGGACATACTAGCACAGCAACATCTGTCCTCGGTAAGTTGGTCTTAATCGATTAAGACGTCCGCCCGAGCCAAATCACTAGGGAAGGGTCAGAGATGTAGGGTATGACTATAACCTCGTAAGTTTAGAATTGGCCCGGCAGACTTTTGCTACGTCCTCCCTATCATAACGCGGTAAATGTTGAAAGCTACATTTTCGTAGTTTTTGATCGTGGCAATGTAGCCTTTCGAAAACTCACAATGCCAACAAGCTTCAGGGTCCAGCATGCTCTCACTCGTAAATCGCGAGTAACTGTGGTTGGGAATTGCATCGGCGATCGGGTCATGGTTGTAAGATCCATATATTGAGTGCAAATCTATTAAGACGTCAAGCTAGCTCTTCTCGAATACGCGCTTTAGCACCCTTGCAATTGAGCGCTAGTCTCAACTTCTATCGCATTTCCGCGCATGTGCGTGGCGACCTCTTTCATTCCCAACTAATTGCGACAGTACCGCGTAGAAGGTCCACCCTTGCCTGCTTCCTTGTGGCGCCGATACTACGTGCGAAGCCGATAAGGTGCCATAATGGTCTCCCGGCCGAAAAACTAGGGTAAACGCAAAATGCGTAACGTATTTCACGAGATCTCTTTGCTGTGACGCATTGAACGATAGCTGTGAACTGCACCGCCTTATAATGTGACTGATTCCACAACGCCGTACGTGCGGTAATTCCCTTGTTACGGACCTGATAAGGCTAAAACTCGGACGTATTAATTGGAAGCAAGCGACGTTCACGGCTTCCGGTGTATACTAAACCATTCGCAGTCAACGTACAATTTCGTTACCCTTGGTCTATGGTTTATACTTGTTCGACCGGCGACGGTATTGAGTTTTGCGATAACGAACTAGTAAAGCCCCAGTGCAGAGTGCCGAGGCTCGCGGTTACGTCACCTAAATATCTTTCAAGATGATGAGTGTTCTAGTTCTAACAGAAGGCGGTTAAAGGAAGAGCAGAAATTAATATCTTACCGGTTACTTGCCCAATCCCTCGGTAGCAGTTTCGGTGCAGCGCGAATGATTGACATGCGCTTGCATTGCTCGGCCACATAGTGCTTTTAATTTCTGATTTACATGCTCATGCGAAAGCTTCATTTCGCTGGCAGTTATTACTGATGGCCTGTAGGCCCTGTAGAGTCCACTTACAACCCACTCATACAATTGTTGGATTCATCACATTGTGGTAGGACGTCTATAACCCGCTGGCGACACCTAGACTCTGAGGGCCACTAGTATTTGTTGGGTGGCGTAACTATAGGATATGAGTTACAACTACTCCCTACACTCCAAAGTAGTGGTTCTTCACGCTTGTATTTTTATAAACTGCGATAACTTGCAACCATGATATCAGGGGTGCTAATACATCGCTGTAGGATAACGATAAAAAAAACTATAGTCCTAGCACTGAATCTGCTATCACTGGGAATGGCCCTCTAGGTGTTACCATATCTAGCTGAAAGTCGCCTAGTGTTTCCAGGAGGGGGCTACACGAAGTCCCTAGAACGACGATTAAAACCAGTCCCGGAAGTTGATACCCAGTGATCCCAAGATATTCTTAACGTCCGTGCGCCTAGAAGCAGATCGCCTGAGCGGATGACAGTGTTTGCCCGTGAAGGGGCACGGTACAGAGACAGACCCACACTACAACGCAGAACCGGACGCGCGCTAAGCCACACCTAAGTTTTGTAGGTACGGGGCACGGCTGAGGTCTGGTACGTCTCTAAATCGGATTGGTACGCGAGAGCGCCAAAAACCAACCTTTATATCATAGTGCTACAGAGCGGAGTGGCGTAATCAAGCCCACCACTTGAGGACCAAGGCATATGGAATATGGGATCATTTTGAGACCTTCTCAAAGAGTATACCACCAAAAGCGAACAGAAAGCAGTCTTTGTAGCGACATTCACGCTTAATCAGCCAACTTGAAATCCATGGGGGGACGCTCAGATATCGTTCGCAACCCTGATGCGACATCTGCACACCGTAAAGGGCAGGGTGACAGTACAGGGCAGATCTTGAATAAACGTCCTTACGCATTATGTGTAACAGGCTCGTTGGCAAGTTACCACCTTTGGTCGGGTTAACTGCGAGCTTATGAGCAATAGTTGGATGGTGAGCCCTGCAATCAATCACGTCGTCTTACTGGCTGGCCACAAGCTATCAGTGACACAGTCTTCCCTTTTTACAGAGCTGCATTGCGGGTCTCGCACTTGGACCGTCTTTTCCCTTTTACTGCGGCAATATCTCAACCCGTCTACCGGCGCAGAGTCGCTTTTCCAATGCTATAACGTCTTAGTGAGCCCCGATAGCGGCACGTACTCGTCGGAATCTTTCATCTTGATTATCAACTTAACCCTAAGAGGGTAAATAATAACTAGTCTTCCGTCATATTCAGGTGCGATGTGGCCGGAGTAACTGATATATAACTAGAGCTATTCCACTGTATCGCATTGATCGACGGACCCATCAAAGCGCTGTCGAGTTCCTACCTCATCATTTACCCTATCCGTTAGGAGTAGTTGGGGTCATCCACGCGCTGACGTCCACTAGGCTCATGCTCCGCCTAGGATTCTTCCCTTAACGTACCCTCGTGCGAGTTCTTATCCAGAACGGTCTACGCCGACCCAGCTAGGGACGCGCAAGAGGGGCCAGCTGCACGCCCACAGGGGAACAGAGGATTCAAGACAGGCTAGTGGCAACGATACGGACTAGTTTTCGTGAGGAATTGCCAGCTAGTCCTCCAGCTTCTTGCATATCGGCGGCGCGAACCCGCATAGTATCTGCAAGGCAGGATGTAGACATTCAGAAAATTTAAATGGCCACAGCGAACATTTATCTAGAACGCGCGCTGTTCAGTAGTCAAGAATCTGGCCTGCTGGCTTAGCCTATCCCACTTGATTTCGCGAGATATGAGAGTTACATACCACGACAGCACCACCAAGAGCCGTTGAAGCAAATACCTCTGTCTCTTTCGGTCAGTGCAGAGGTGCTGTGGGGTTTTAAAGCTCATTTTATTCCAAGCTGCGGACCACGGATTACGCCCGTTTGGAGAGAGTATGGCTGAGGCTGAACCTATCTCGCACTGTCCGACCTTGCTAGCCTTAGGCTGAAGGCCACG
Aetomylus vespertilio,Chordata,Elasmobranchii,Myliobatiformes,Myliobatidae,GGTAAGCCCTGGGAGTTTTGACCTTGATAAACAGCATTCTTATACCACCTATACAACGTAGTCATAGCTCCGACCGCGGCGCCGGTCTAAGGGAATTTCTACTACAGTTTTGGCACTTTCACTGAAACCCTAGGTTAATAGCATAGAACGGTTTAGATTAGCACTTGGCTAGATCGAACATGTCAGATATTAGATCCTTTTGGCGAACCCTACAATTGAACGGACTTTTCACACGGCTAAGAGCCTATGGTAAATCACCCTCAGCATGCGCCCGTTTCGGGGAGTATTTCCCACGGGATCGTATCCTTTACTGCTGCGTCAAGCGAGCTGAGAAAGCTATTTGAAGTTTGCCCAGGTTCCAAATTGTTTTTAGTTGGGAGGACTTCACGCTCTCACACTAGAACTCACCTGTATTCAACGTTGAGAACCCGGAGCGGAGTGATTCACGAGATCTGATGTCATTCTCGAAAGGAAATTCCCGATTCTATGGTGGCATCTCGTCCTTAGTAGCTCTTAATCAATAACTTGATCAATAGCGGCGTGGTCAGCTCTATCTAGAAGGATGTTTATCTGATGCTTACTTTATGAAAATATTGAAGTTCTTGCGTCCGTATCGTCTATCTTGGAAAATAACATAAATCTACAGTGTAATCGTGTGCACCAGGCTAAGCTCCAAACTGGACGCATTAATATGACATAGTCCAATGTTACTAATCAATACCAGCCCGGCAGTTGCCATTCTGACAGCTTAATACTGCTACATACCGCATTAGAATGCGCTGGCTCCGGCATTTTACCGTACTTATTGATAAGCACCAGTTCGGCCTGGCCTGGGGACGTAGTCTGTCGGAGGCGGGACTAGGTTACAATCCGCAGAATCCATCCGAGCCGCTTAATGTTGCACACCAATGCTCCCGTGAGATCCCACTCTAGCGTAACCACTTGCATAGCATGGATATACTGGGTTTTGATGGGAGTGCCTAAGGAAAATTCTCAAGCTAGGTCGCTATCACTATCAGCGAGGTTCGTGGGGCGGCAGGCCTGAGAATCTATACTACTCATGGGCTCGCCCCCCCGATTTAGCTCAGCCTGTTAACGCAATTCAACTAGTTTGCGATTTATCGTCTAAAAACGACGAAGACGGACCATCCTCGCCGTAAGCACATTAAGCAAATCCTCACATAAGATGAAGCGCGAAATGTAAGTCCCTATTCTAACGTCGTGAACAGCCTACTAGGAGTCGTTGAACGCAGGTCTCCCAACATTGGTCGCCCCCTTGCGTGAACGTCACCAGCGGGCGGAGGCGAAGTGTTGGGCTCCCGAGCTAGAGCAATCCGCGATCTTTAGACACCTAAATTAATCAATCTTTAGACGCACCCAAACGGCAGACTTAGTTAACGTCCCCATAGTATGAGACCCACTGCCCGGGTTGCAGATCATGCACAGGCGCCTCGCTGTGTGTATGGGACTCCGCGCAGCTATACTTATGGGCTTCGACTAGTTGAACGTATTATGCCGCCCGAATTGGGATCCCAGCTCATGATGTGCATTCTGTGCTGTTAATATTTATAACCTTAATCGCGCCTGTGAGGAAATAGGTCGTCCGCAGCCATCTTCGTGTGCAATCACGCAGACCGCTATATGACATACCTGCCAAGCTGCTCAAAGCTTGTAAGCAGCAGCATAATGTGTTAGTCACCTACATCACAAAACATATCGACTTCGGAGCTAAATGCCAGGGAAATTAGTAGCTCTCCACTCCTGTAATCCCGAAAACTCTTTCAGGCCTATAGTCGGCCGGCTAGACCGATCGAGTCCGGGACGTACTCATGCGAAGTGTCCTAAAGCGACCTTACCAGTACGGCCAAGGTTATATAGGCCGCATATTCATATATTCTCACCTACGGACATAACTGTAACACAGACCGTTAGAGTATGTACCGGCAGAAGAAGTTTCGCAGCAACGAGGTGACTACCTATTGATCCCCCAGCCAGTGAAGTAGGTCAGGAAGGAACGATCCCGCGCCTCGATAGCGAAGCGGCCACTCATGCCAAGTGGCGTCGCACGCGAGGGGATCAGTATATAGTGAGACTAAGCTGAGCTAACGGTACGCTACAAGGCAGTGATTCAGGTTATCGACTACCCACACTCATAATCATGGTGGAGAGCGGTAGACTTTACATTGTGCCCGCCGGAGCTGGGCATTGTAGTTTTCTGTTCACGCCTGGCGGCGATAGCGCCCACCATTTGGGGACGATAGATGAACGAGGATGACAGCAATGGAGGGAACAAGACATGCATAGTACCTCCTCAAAGCTCGATTAGTGGTCCGGAGCCGTGCCTGGGTCCCGACGACGCATAATCCTCTCGTGGTCGGGAGAAGGCGAAACACTCTCGTGGTGTGCCTCATTTGTGCCCCACCACGGTCATCTTTTACTACTGAGCATTCAATACATGGGTAGCACGCAATGTGTTCCCATGGCCTAGGAGATGCCCATGGACAGCTAAGGCGGGACTAACGACATAGCACTTCCCATGAAACGCTCCCAGACGCAAAGTGATGGGCCAAAAGCGACTCCCCCTAGCGTATGCTAATGCTCAGGCAATCCGGAACTGTGAGAGCGGTATGTAGCCGCACATACCAAAATAATTGGAAGTCTACGATCCGAATATATGCGTTTATCCCTGAGTAGCGTTAAACAATTGTGTGCGGATTCCCGATATGGCGTCCGTCCCTTCCGAGCGCTTGGCTGGATGGTGGTAGAACATTACTAAAGAGATTAATTAGCTTACGGCACGCATGCACGTCGCTATAAGCGTGTCGCTCTTTGTGCAGAGCGCTCTCTTGCAATAGGTGACGGCTCCGTGATAATTCAGGTACGTCAGTCACCGGGGGTCGACAAAACACAGTCGCGCGCCAAATGCTACTTAGACTCGGTGCCAATTACTCCAACCAGGTAGCGTGTCTTAGCTCAGCTGCCCCTCTTACCACGACAGCTGCCCTAAGCTGAAAAAAATCAAAGCCCGAAGGTCTCCGGTGAGCCGGACTCGAGTCCCTCATATGAGCAGATCACTTATAAAGCCGGCATAGGAGGAC
Aetoplatea,Chordata,Elasmobranchii,Myliobatiformes,Gymnuridae,CCGATCCTAGGACAGCTGGCGCGCATCACTTAAAAGCTTGAACTTGCGGGGTCCGTTAGAGCCTCACCGCTTGTTTGGCGTTATGCAACATCCACCAGGAGCCTTGAGTTACGATAGGCCAACCGCAGCGACCGGGGTCTGCACGCGCCGGTGTTGTCGCTTATCGAGGTCTCGTGTCGTAGTTTGCAGGTGCGTTTGAGAGCGTATTCCAGGCGCGTAATGTGACACTTCCGAGTATCATCATAATCAGTTCGGACACCGTGTAAAACTCAGTACACCCGGCGGAGTGGTCGGTAAAGGTGCAGCACGAAAAAAAGCTACGGAGTAGATGTCTCGCTGCCTTAAGGGCGTCCGTAAGTCTCACTTATCGCATTGATTAGAATAACAGAACAGAATCAACTAGACTAGTTGTTCACCGCCACTGCTCCAGGTGTGATTATACCCCCCTACCGTCGGATTAACCTCGGGACTTTATGGTTGCTGCATATCTACTCCATGGCCGTATTTACTGCCAGACGGTGACAGTAATTAATCTCAGTGGGATTTCTAGACACTGCCGCAACGGCTGTGGATCCAAGACCCCTCGAATGGACTGGAAAACGAAAAACTGTTAGGTCAAAGCCACACATTGCCCAATCGATACCGGACTTAAATTGGGTTTGGAGCCAATCAATACAGCTGATCCAGGGGCATAGGATAGCCAGCGATAAGTTACTAATATCGTGCTGTTGAGAAGTATATTTTGAGAGACCGTTTTATACACCCGGAGTCTATCACCACGTTGATCTAATTCTCGTGGATCACAAGGGAGTCTACTTTTCATACGGTCCAGCACGAGGGTAATCTTTAGGGAGAATTGTTGACCACAAGTCCATCAGCTGGTCCTGACGGGCTCGGGTTTGCCCAACCCGGGATACTCCATATGGCGGTTGGACAGAAGACACGGCTAGAGCAATCTTAGTAAACGCCCCCCCAGGATACAACCCCATGTGTGGCGCCGGGTTCCCGACCACTCGAGGAAACCGCATCTTCTACATTTACTCAGCCTTAATACCCCAACCCAATTAGAATTACTATTCAGCAGAGTGTGCCGTGGGAATATGTCAAGCTACCGATATTTATGGGACACCATAGAGCAGTGATATTGTGATAGTTCAGGTATAAATGGTATTTCGGAGCTCTATTTATGAACTCGCAACTCTCGGGAAGTAACACGTCCGAGAAGTGACAAACTCGTGAAAATCTCAAAATACTAATGAGCTCGCCAAACGGACACGACGCACATGAGAATATTTGCTACCTTGTATACGCGTCCTCTCGTTTCGACCTCTCATACCATTTACATTGACGCTGGACACCGTGCCCATATTGATTAGTCTTATAAATTTCCCCTTAGTATGACTCCGCTTCCGCCTACCGACAGGTGACATGAAGTTTTGAGGGCGGCCGGCAAAACTCGTGGTATCGCTTATTGGTATGGAAGTATACTATCGTCTCTGACGAAATGTATGTGTCATATGACGTCAAGCCGCCCATGAGTTCGCTGTGGCGGCGCGTTACCAGTTTAAATGCGACCTCTTTCAAATCCGCTTCCTGTCCAGCGAATCGAACTGGAAGCATCCGAACCCTTTTATCCTTCAGTATAGCCACGGTCCAGAACCAGAGCATTTGAGATTGGATTCTTGGCCATAGAATCGAGAGGCTACGGGCGCTGTACAGTCAAGACCCGAGTAGAGTAAGACCTGTTTGCCAGTTCATCTGGCCAGACAACTCCGTTCGTCTGTCCGTCATAGATGTGCAACCCACCTGGCCAGTTATGACATCCACGTACACGCAGGGCGATTAGTGGGACTCAACCTAACTCGTTTTTGAACAGACCTACTGTGCACACTTTACGGAAAGCGGTACCTAATGCGAGCCATCAACCGCCTCCTCAAGCAAAAAATATGAGCCCCTCCATAGGCTAGGAATAACGCAAAGGAATATCAGCCTCAGCATCATTTCCATCCCTCCAGTTTGTTGTTGAGTTGGTATGACCTATATAATAGGAGAGGAGGGCGAAAAGGGTCCTGGTACCCGGCCTGTAGCCCCTCACGAAGCCGTTGAGGACAAGAGTTCTAGTAGTCTCATCGTACATCCAAGCCTACTCACCAGGTAATGTTGTGAGTCGTAGAGCCACCCAACAGTGGTCCGACTACACGGCTTTAGGTTGAATTTGAGCGAAATTCAGTTGCCACGGCAACTGTCATGGTACTCCGTGACTATCACTGTTACCGGGAACGGCCCACCGCACACTCTCAGATCGGTTGAATCCCGATACTTTCTTCGTATGACGCGTCACGTTGGTCGACTCTGCGGTAAGTTTTACCTTACACCCAGCAAATGGGTCACCGCTCACTTAAGTTGTCGGACCTTTCTGCCTCAGACTTGTCCATCCCTAAGCCCGGAGCCACACATTATTTCCGTGAGTAAGATGAAATCGACCTGTCAATTAATAATCGTCACTTCTCGAGCCGTCGTACTAGGGACCAGGTGCCGACGGCCCACACAGACTATTTGTACACGCCAGAGCAGAGCCATTCACCAACGAAATCGAAACTCGGCGGATTAAGATTTTGTTCACGCGCTCTCGCAGAGGTGTGTTCTAGAAATAGTGAGTAGTGACGAGAGTTGTAAGAATGTTAAGTGCTGGTATTCCGCCAAGATGCCGTAGTGGACACTGTCTGGGCACGAACTATCGCTCATCGCGCCCTTCAGGCGTTCTTACCGCGAATGATAGACTATCGGCAGGCGGACGTGTGTCACTTAGGGGTTGTCGCCGTCTCGCCTGGAAGACCCCGTTCTTGCAAGACCTACTAACGGCGTCTATCAGGAGCGCAGGATGTCCGGTATGCCACTGGCGGATACACTCCAAAGTTTGAGGCCTTGCTGCAATATAGGTTTTGTCTACAAGAATGATGACCCCGGACCATATCTGTGTAAAAGGAGCTCTAAATGCTCATGCAGTCGGAGTCGGAGCGAATATACAACTGCCATGGAAAGGTTAACCGGCTGGAAGTGAAAAATAAGGCCTTCGCCTTATAGCCCTTCGACATCGACTATGGTCTCAGATGCATTCCCAGATGACTTAGACTTTGCGGGTGGTTAAAGGTTCGCCTGAATAAGGAGCAAAACATGGTCTGAGCTATCGTTATCCCTGTTCAGCACCGTCTCGCGGGGCCTCCGCATTAGGTGTCTAGCTGTGGTCGTCGTCGCGAATAGCGCAAGCTCGCGTAATCACAGGCAGATGTTTAACCAACCCCTGGGTTAGTACAGTGGTCGCCCTGCAAGATGTAAACCTGTAATCGTTCAGTTCAGTTGTAGCAATACAAGCGCTGGTCAAACCGGTCTTCTGGTAGATACGGGCATTGGCATGAACCCAAACTAGGTCCATCGGGAACTGTTTTCTTGTTGGGCGAGGGTAAGGAAAAGACGAACTAGAAGCCAGAGATGGAATATTTCTTAACCGGTCAACCCCACCCTGAACTTATGCTAAATAGTTTCGTCAGAACAACTTTGTACAATATCGTGCCTCCGTCCCACTCATAATCCGTTTGCGGTTCGCCGGGGATGTATGACGTGAAGATGCTCACTAAGTTCATAAATCCACCCTTCGTTGATCGGAGAATCAGTCGATGCATGTGAATTAATGACCGGGAGGCTAATCAACCGTACTTGCCTCTTCGATTTATCGCGCCACTAATATTTATGGGTCTGCTCTCAGTCCCCGGTTCGAACGTAGCTACCCTAGGGGGCAGGAATACTACGACAACACCGCAGGTGTTCATCCGGTCGGTGCGTAACAGCGATGTAATCTCATGATGTGCAGAGGGCATTTCTGCATCTCGGGCTCCACGGGGGTCCTCGTTTAGGTTGCGCCGACAGTGAGCTGTCCATTAATGAACGCCAACATGATGCCCTGGATAGGTTTCGAGTGTGTTCCTAATGCCACAACGTCACGTATGTACCAGACAGGTGGGTGTCCCTCGTGTAAATAGCTGAGCCGCTTAGCTACGGAGCAATGAAAAAGGGTCGACACTGTATTCCAAGAGATCGAGAGAGTACCTTTCCGCATCCACCCCCGTCATTCTAGTCTGCCTAGG
Aetoplatea tentaculata,Chordata,Elasmobranchii,Myliobatiformes,Gymnuridae,TCGCCGTTGATGTATCAACCAGTAGCTTTGGACTGATACCACTATGGCAGTTGCCCCGTCCAACGACGCCGGCCTTGGTGAGGTTGGAATGAATCACTTCCTAAGATGCAGACTCTGATCCAGGCATAGTTCCCGGCGGTACGAATAAAAGTAGGTGTCGTTTTTCCCAATCTGAGGTACGCAACGTTAGGCAAGCAGCTTCATCGACGTTAGCCCGGCTGCATGCCCGACTCCCCCGGTGCAACCTTTGAGTATACAGTTCCCGATGATCAATGACAGTTTCTGAGTTTTTCACCTCTTGAGGGGAAATTAGACTTCGTCGCCTAACCCCGCCCTAAGACGCCGAACCAAGGACTACAACTAAGGAGTGGGGCGTGTCGATGGACGCCTTGCTTAGCATCAAGCACAACTGATAAGTAGGTCGGCCACTATGACGTTCCAGCGTGACCCTGGGTCGAGAGATTACGAACACCAGTTACACCGAGCAGTGACTACGTCTTTTGACTGATGCACGCGCAAACTAATGCATAGTTGCCTGAAATCAAACGCCGTGCAGTAATCCCCCCGAGACTATTCGCTATGTAGCGTTCGTGGTCAGTTGCAGGGGTTCTGTTACAATCTGCTTGCATCTATAACATTTGAATGGGCACGAACAGGGCGGTGAGATCAAGCCGCTTCGGTGCTAGTAAGTCGCTGACGAATCTCGAAACTAGGAGAGAGAACCAAAGGAAAGGGCGTTTGCTTCGCCATGTCCGCGGGGCACCGGTAGAGATTCCTTGCAACCGGAGGAACAGGGTAACCATCCTGCAATGGCAGGAGGTGGGTTTGATACACATCCCCATTCCGCCGGATTGGATCCGCTGGAGGAGGCACCACTTTTGTTTGGCAAACCGCTCTTGGAGATCGGGAGTCATCACTGACTTCGCCTGACCTCGGCCGTGGTTAGTATGTTGTCTAAACCGCTTAGACAGAACTGCGGGCAGCTCTACATTTGGAGATGCTAGCAACGTGTGCCTAGTCGATTATAGGAAATTTGGAAACGACGGGCGAGACGGTCCATTTAAGTGACTAGCGCTGAGGACAGAAACGATTCTTCTCACACCTACTTGCAACGGCGGATTTCGCCTGGAGCCCGGCAGGTGGCGAGGTACTCGGGTTGTCAGAAGCCATAGGAAAAGCAACAGCACCGTGGCTAATAGAGCATATGTGCCTGTTGTTGATACCTCTCCCCAGACGCCTTTTATGAGACTCAATGTGGCCACTGGTTGTGGCCCTGAATCGGGTTCCCCATGATAGAGCAAGTGACATCAAATGGCCCAATTAATGCAGTCAAAAACCTCAGAGCCCGGACCTGCTGCACGATGCTCTAATCACTTGCTTGAGTGCGCGCGCGGACACCCGCTTTCGTAACTCTGGTCTAGCTGCCCTACGGGTCGTAGCGCACCGGCAGACACCAAATTTCAATCTCCGCTTCGTGCACGTCACCCCGTATACCCATAATAGTGTATGTGGTTAAACCTAGTCCAAGGGGAGATTGGCAAACCAATAGTGTAGCAGGGCTCTCTCTGAGTTTCCGGCACCCTAACCTGTGGTCGCGCTCTGTTAGTTAGCCGCCTTCAGCCACACTATAATCCCTTTCCACACCTATGGGGCGACTCTACAACCTTGCATCAACTCCCGGTAAAACGTCACCTCAGGCAGCTTGATAGTGCCGTTGCACCTCGCCACGGTTCGTTGCTTGTTTTGAGAGCCCCCCTACTGATCCTCACACCAGACTGACTGGTTAGAAAGTAAATACGTATAATAGGTTACTATTCACGGAAGCGTTCGCCAGACATGCACTATCTTCAATAATCGGCCCGCCTGAGGAGTCGAATGTCACATTCGGCGGGCACTTTGATTTTCAATGGGTAATCAATTCTCGAATAATACCGATAGCGGCGCTAGCTGAAGGTCTGACGCAAATTCTGTAGTACACTCTATATCGTTTTGGTGCAGGTAGCCAGGAAGTCGATATTCGTTAGCAACGTGTCCGATAGCGTGAACGTTGAAAGACACGGACAACGTAGAGATGGGTCACGTCACAGTGTGACGAGAGTGGCGTACGTCGCTTGAAGTTAATTTAGGCCGCCGTGTGATGGCACTCTCTGGATCTTAGTCACGGTTCACTGCGACTGGATATAGTGGAGTCTGTCCGACAATGCTCGCTCGGTTCGTAGCCCACACCGCCCCGGTTTCTCGACTGTCATGGTTGTTTATTGACAACTATATGTACATGATTTCCTAACATATGGCCATAATGCAGCACGAATTATGTGTCGTCCGCTATCAACCATTAAGCACGAGGATGCGAAATTTATGCCGCCCTTCGAGCACTCATTGTGTGGAATAAATTTTTACAACGTTTATTTCCTGGTGTTGCAAGAAAGGTATAGAAGTCTAAAGTGGTGGAAGTGGGTTGAGACCTGAAATTCGCAGATCGCATAGACAGAATAACAGTGAGCTGTTAATCGTGGCTACTTGCCGCCACTAGACATTATGGGATTTAACCAACGTCGACGAATCTAAGGGTATCAAAATATAATGACCCAAATTCAATTGAGAGTATTATAATCAGAACGGAGCAAAGATAACATTGTAGTGCTGGGGGCTAGAGCGTCTCAACCTGTACGAGAGGTGTATAACGTTAACCCGGTACTGACCCAGGTACCCCAGCGGACACAGAGACCAAGCGGCCCTATCAACCAATTTACGGGGTCCATTATGTTATTTTCTACTTACTATACTGACACTGAGCCTGTGGTCGACAGCAAACGTAGAAGCGTCATATAGTTGACCCCCAAAATCCTAACGGACCTAGCGAAGATGCAATAGCTAGCTTTTAAGTGTCGAAACTCTGATAGTGTGACTTGGCGATCGAGTCAGCTCTCGCCCTTGGCAGCCGACTTCGACAGATCTTGACCCTGATGTACGAAGATCTTCTGTAGGCACCAATCTACGTAGCTCCCGGGCTGCTCGTAATTGTTCGAGGCGAGGTACTCGCTAAACCGCCTGTCGATTAGCTCGTTGGGCCCGGGTCCATGTCCACTAGACTTAAGTGCATGTATACTATTCGTACCTTACAATACCAATTAGCAAACCCAATAAGGTGAATATTTAGCTCTGGCTTATCCTGGATATATGAAGCTTTGCATCCGCCGACGGTTATGCTAGGTGCTGCCAATGATTGTGAGGCACCCACAGTTTTGCACCGCTATCGTTTCCGTCTGTCTCGCTTGTCAAAACGTGTCTTGTCCGTGACTACATCAAATATAGAACTTCCGTGGAAACGGACGTAGGATTGCCAAATACTGTGTCATGGCCAGGCTCGAAAGCCTACCTTAATCGGCGCGGCCTTAGGGTCCAATCAGTTGCGGTGATTATTAGCGGAAATCTTACCCCTCCGATCAAGAGCATGCACCCTCGCATGTGCTCGGCGCCTAATTTTCTTACCATTCATGACTCGTACCGCTTTGGTCGCATCTACCTCGGCGAGATGGTCTAGTACGTCAGCGAACCAGACAAGGGCATTAAAGGGTTTGCACACGTTTAAGTTGTTGGGGACACGCAAACCTGCCAAATGCTACGGGTGCCTCGTCTTACGGTGAACGTGGACGGGTTACTGAGTCCCCGCACACCACGGAGGCGCAGTAGCTGTTTTCTGTTCTCAAAGTAAAGACTTAAACATACCTATTTGTTTAGTTACGACAGTCTAGGTTTCCAGTGACGAGATCAGAATGCCTGGTTAGGTTCGTAAGGCCCCAAGACTTTAAGGTCGCGACGTCTCGCGGTTTCGTTCTGGCAATGTTATGCGTCTTTGGCAAGATGATCTCCGGGGGGCGGCGATCGTCAGGCTTTGCCTATCCATCCGCGATGAAAAGCCTACTGAAGTTAAGTAGCTGTCCAGCCGGTCACTATCCTGCATGGGGACCTATAAATCGCGACATCGGACGTGCCTGGGGGAGTCTTTGACCAGCGAGCTACAATGCCCTAGCAGTCTGAAAATAGAGCGGGGCGAACGCATAGAGTATGCCGGTTTGCTTTGCAGACATTACGTTGCGGTCCTGCTTATAAGGCCGGCTAGGACGATGGAACTGAGCCTGAGTCTCGTTGAGATACTCCTCCCCGTAACGTGCCCCTCTTCCACTCCTGCTGGTAGTGATGCTTTACACGCTTTCTAATTCGATTTTGGGTACGTCGCATTGTCTGGCCAGGTGGTATGCATTATGATACAGTCGTTCGTTTCAGCAACTTGCCTACGTGAGGCAGGGTGTGTTGGACTAAAGAACAACGAACCCCTGTTCACGATAACGTCGGGAGGTACCCTATGAACTCGCACCCGTTGGGTTATTACGCGGTACAAACCATCCTTAATTTACTCTATGCTTATATTCTCTGAGTCTAAGGCATGTAAAAGCGGCAATCTCTGTTAACTAATTTTCGGGTTCCCAATACAGCTGTCACGTGGGGGCACTCTCCCAAGAGACCATTGCTCTAGCTGATCTGCGCGGCTCAATCTGCTGTTAGCCAAGGACGTCTGGGGAGCTGTTCCACGGCACGTTTCTTCAGTTACATTTCCACCGAGCATGATGGTCGGTAGAGGCTGTCAGGACCATCGATACATAAAAGTGCAGGCTTCTGATATTAGGCATAGGGTGTAACCGAGCCGTCACGGCAGGTGCGGGACTGGGGGTTTCCTGTCTTTCGAGAAGGATCCTGCATGCTAACTTGGTCCGTTCTTCGGGATGCAACCTGCTAACCAGGACTACCATTTCTCGCGCGTCGCGACTGCTCCATGTAGACCTATGCGAACCTAGTCCCTCGAATGTAGTGGGCATACGAGGAAAGCTATGACTACACGTCCGCGCTTGTAGAAGTCGCTGCCACCGTACCGTGCTTGGCGTGTGTACTCCCGTAA
Amphotistius kuhlii,Chordata,Elasmobranchii,Myliobatiformes,Dasyatidae,TGTCGCACCATATAACGGCTACACCCAGAATCTCGCATCATAATGATCGCTTTATGCGATGGTCCACTCAACGATAGACGTTATCGAAAGCCCGGCGTCAAGGCTGGCAGGAGAAACACTGCACTACTCCCAACCCATCCCTCGTTCTGCTACTGCATACTGCTTGCCACTAAGAGAGTGGCATCAGGGTGATTGGCCGCACCACAAGACAGAGGCATCCAGCTACATTAACGCGAATTTCGTAAAGGTGGCCGATCGCCGAACTGCAGCTTACTTGGTTATCAGAACGTAAAAGACGCTTGTGGTTCTTCGCCCTGAATAAATACCTGCTAAAATAGAAAAGCAAATTCCGGCATCTTTTGCGACGTACGTTCGGCATTCAGCCCTGGCTAGTGTGACAAATGTACTCCAGCGAGCGTACTCTGGAAATTACATTCATTGTAGGAAGCCCAAATCACGGGTCGGGTGGTATTCCACCCCAGGGGATTCCCCGGCGTCCAGGTAATCCCCACTTTCGCGACCATTATGCTGTCTATAAAGATATGTGGAACATGCTGCAGTAGGATTAAGCATCGAAGATGGCTGTTCCCAAGAGAGAGTATTCCCAGGACGGCCCATGGGGATTAGGGAGCACACCGCCCAATTGGCCCCGGGTGTGTCGTACCCCCTCTCACATCGGTGCGCACTTCGTGTCAGGCGGAGTGGAGCTATGACACAGAAAGTGCATAGTTCCTGGCGGTGGATACCAACCCTACGAGCTCGATTGGCCTCCCATTAGACCTGGTGGACTGCTACGGCGCATATTCTTTAACAGATGGTATCGTCATTTCTGAGCTAATTTTTTGGGACTGTATGTATCAGCTGTATAGATCAATGATCTCGTCACATGGCGCTCCAAGGTCCCTTGTGACACAGATTGGACGTTAACAATACAGCACCATGGCTCAGAAATGTGCGAACAGCACAAATTGATCTCGATCTGAGGTTCTTGTATGGAAATAAGTCAGAATGTCGGTCTTATCTTGTGCTTGCGGGTATTGGCGACGTCCTGCAAGTAACACAGCGGCGTGTGTCCGAGGGCTCGTTTATGCAAGTCTATAATCTGGTACGACATGGTAACTGACCGGTCTGCAGGGACTCATGCTCAAAACTGCTACGATGAACCAGACAAAGTGGGGTCGCCTCCCGTTAAATCTCCTGCTAAAAGCCCCTAACCTGCGAAAGCGCCCAGTGCTGCCAGTTCTGTCTCCCGAGAACATACCAATGCTGCCTCTAGATGACAGTGTGTTTCTGTTTTGCGCACAGTTGCAGAACGAGTTTCGCATTGCATAGAGGCTGAAATCAAAAATCCACGCAGAAGTGAAACACGGTGACCTCATCCCGCAGTGTATGGGGACTGTGAGACAAACATCGATGCTTTCCACTGTAGTAACTTAGGACGAGTGCGGGAGTCTAAAGACCAGTTAGAGCAGTCGTAATCCATGCAATCGATGTTGCCTGCCGGTAACGTTGGGTCTATGTGACTTCTGATGTCACAGCAATGTTTAGTAGAATGCAGGGGTAATTTTAATCTCGGAAACAACCTGCTCCAAGGCTGCGGACGCGCTAAGGGTCCTATACGTTGCCATCGAAATAACTGCTACCAGGGTACTCACGTACGGCCTGTTGGTTCCCCTCCACAAAAGCTAGTATCTGCCCCCACGTTTTTGCGTAGATCTCCCCAGGGGAGTGTAGTCAGCGTAGCATCCGTGGCGCCCGACCTGTTAGTGATCTGGGTGGCTAGTATACCCTGCCTAGGTACTTTGATCCTTACATATAACTACAAACATCACCTACAGATATGCCTGTCGATCCAGTATGGGTAGAGTTGTGACGGTAATCGAATTGCTGCCCAAACTAGCTGGAGTGGGGGCATGGCGGTTTGTGAATGGGGTGCCCCATACCCATGTCAACAGCAGCACTGCCCTCCGTGTTCATGCACTGGCCAAAACAAGGTCTGGTAGCAACCCGGTGGGGATGGTGATCGCCATGTCGTACTGATCGATCGAGTCTCGATAGATATGTCTACAATATCTCCCGTGTATTTTCATTAGCTCCCAGTGATTGTCGAGCCTGTTCGCATGATTATTAGACAATGGGTCATTAGTTGTCTGTTAGCGCGTCGAGACCGTCGGTATTGACGAAGAGCACGTAACCGTAGATCAACAGTGCTAGCAACGCTTCACGCCGAATCCCTATCACAATCCTGACCAAGTGAGCGATTTAGGCTTAGGGGCACCCCGAAGAAGTCCTGTGTCCCCTATAGCCAGCTATGTAACTTTTGAGTTGGCCTACCGCATTCTACCCCTGGTCACCCACTGTGAGTAATACATTGGCGCCATTTGATAGGGAGATCTAAAAAAGGCAGCCAGAGAGCCACGTAGGCGAACCCCTCTTCGTTCAAAAGATGACACGTGACTGAATAAAGCTTTTTAACAGGTCGCGTAGGTGCGGCATAGCGTTGTTGTAGCAGTCAGTGCGGATTACCAGCTAGTGGGAACGTGTCCCGGAAGCTTTCTTGCCTGATTACTAAGCAATCTCATTTCTAATGTGGTCGACTCGTACGAACGGAAGGAACCGGGTTTATACTTGGTTGAGGTGCGGAAATTGATTTGACAGGGTAGTTCTAATCGCCTTTCCCTGCTTGTATAACGTTGGAGCTTTTTGGCCTTGTAGGAAGAACAGCAGTACTTTGTGGTATGCACCACGAGTACGCTCCGCATAAAGATCTATCTTATGCTTCCAGATGATACGTTTGGTTACATGGAGACCTTGAGCTTTTTCATGTTGTGGAGTCCAATAAATCCCAATATCTGGTGCTCCATTACCCATGTTTTTGCACACGGAGTTACGTTGCATCATAAGACCAACTGTCCTCTATGTGGTTAGGCTTGTTAGCAAGTGCTCTGAGCGCAATGAGCTGCTGCGCAGCTGACCTTGAACAGGATGTCTCTTCGGATTACAAACCGAAAGAATGTGGTTCATTAGTTAAGACCACCTATCCAAATCGCTAAATTGGTATTCCCCTCTTCTCACGCGCTAAAGTTATTCGAAATTACTATAGCACCAGAAAAAGCTGAGACCGTGCTCGAACTTCCAATTCGCTCTTGACGCGACAAAGAGTGCGTTTATATAAGGGAAATCGACCCCACAAGATAAGTATACAAGGCCTGTCTACTCTCACGCACAGATCCATAGAATCGTCAGCCTCAGCCCTCCACTCTTGCTCGAACTAGTCCGTTTGTAGAGGTCTCGTTGGTTCAAAGGTTAGAAAGTATCGCCGTGCCGCAAGTATTCCTAACCACTTTTGGTGCGCGAACTCGTCTTTAATCGGGTTTTAGAAGTTTGGCAGGAGCTTTAGATTTATACAAAGGCGTTTTTTAAGCGCAGGCAGCACTATACTAGTCTATCCCGGACGGTGCCCATGATGGCCCATCGCATTGAGATCAGATCATTGAAGACACACCCCAGGGTGTAGTGTAGGTTAATCTCGGAGATCGTAAGTGAAGTCTTTCGGTCGATCCCTTGGACATAGGAACTGGAGTTCTGCATGAGCTCACTCATTAGGCATATTGCTAGGCGAGCGTTTGGGGCTGGTCACGGTTTAGAGTGACCGAGGTACGACCCGTAGTAGCGGGCGCTAACGCGATAAAGCGCAAGAAAGAAGTTTAATCTCGTGCTACCAGCGGAATACCCCCCGCCTAATACACAGGATGACCCCGTGCCCT
Anacanthus,Chordata,Elasmobranchii,Myliobatiformes,Dasyatidae,GCAGAGAGTAATGCTCATGAAGTGGAACCTCAGCCAAAATCATTTTAGTGGTGAGTTCGCAGCTCGGGTGAGCGCACTGGTGTTCCTTGCGCCACTCGAGAGGTCGGGTGGCATACAGTCCCATACGCGGAACTGGTTCAACGCTACCCTCAGTGCATTCACCGGGCAGTTACGTCTCTGCTCGAGAGGGCATTGGGCTAAGCCATAACTGGCGACAGCAGCCACCATGGGCTGATTAGCTTACCATAGATACTTATAAATTTGAGCGCTCTTTATATTTCACGAGGCTCATCAGTGGCCCGACTCAATGGGAACGACAGGAAGCGATGTAAGGAGACCAACATTTATGGCATCCATGGGGAATGGATCTCCACCCGATTATTTTCCTTTCTTCTTTATAATTAGGGAGCGGGATACTTGTAACGTAGCGGTTGTTCAACTCGACGTGGAAGCCTTGATCTAAAAGTTGAGACCCGTCTGCGTGGCGCAGGCTGCACGTGAGATCACCATTCTGCTGGGGTTCTTGATTACTAGATATATAGAATCTTATTCGAAACCCAGTTTGTACACGTCGGGGCACAACTCAGGGCGCCGAGTTCGGTACAGTAGAAACCGGACGCGTCAACAGGAGGGTGAGCTTAAAGCTTGATCAGGGAATTGGCGGTGATGCAAAGGTCTATTAGGAGTCTAGCTCGAATTTGTGGGCGTTTAGGCATGGGCTGGTAGGAGATGGATTACGCAGCGTAAGGAGCGGATATTAGACCTTAGTGCGACTGACCCGTTTTTGTCTCCTACTTTCTGCTATAGAAGAATCAGTTTTTCATCCATACTATAGCTCGCCCGGTTCAAGATTCTAGGGGAGTACAATCCCCCAGAAGGTTCTGGGTACTCGAATCGGATGGGTTTTCAGTTCGGACTCGGGCCGTTAGACCCTAACTTCCTCACACGACTGCACGCATGGGCGCATAGAACGGTTCTTGAGAGGGAAGTCATGGCAAACCGCGGATGGGCGTAGTGCGATCTTAAAACAGAGCCGACCGTTCTAGAATTCCTGAATACTCCCAGAAGCCGGGAGACCCTCAGTGTACCAGGACAGAGTACAGCACCTTCGGTCCCAGTCAACGCGCCAAGCGCACTCGAAAAGTTCGATCTCACTGCTGATATCACGTTCTCGTTAGGTTTAAATATCTGACTTGAGGGTGCATTCCTTGTAGGTGTGGTAGGTCGTCGACCCGTGTCTGCCCTGGGCTTGCGGGGCTGAAAGATAATCGGTCGGAACGCGCCGTTGCCGTGGTTAGTATAGATCTGCTAAATCGTCGGTCGTACCGCCACTGATTGTGTCCGGAAGTGACACTTTACCCTGCCTGATCGTCCCCTGTAACCCTGGCTATAAACTAGAAGACGCAACATGCCATTTGGTAATTCCTTAAGAGTTAAAGTCAACAAGGCAACCTGGTTCCGTTACCGCCGACTGGTCGATGGATACCTCAGCAAGCTAACGCTTTATCCGGATTGAGATTGGTACATGACCAAATCACAACCCTACCGAAGGGCGGGTGAACTTGAGGCGAGACCACTGGGTCGATATCAGCCCTAAGCGATACCTCTAACACCACCGCTAATGAGATGTTCCCGACGTTCCGCCGGTGTGATCCAGTTAGGAGCGCCCGTTGACGCTGAGTCGGGATCCTGCAGCTATCATTCAGCTCACTGCCGGTATGGGCGCCATGAACGCGTTTTTATCGATCGTAGTCCATAAGGCGTAGTGCGCACAGACCATCGGGGGATTTCGAGTGTCGAAGGAAGCCGATGAGGCAACGTCCGAACGCCTGGTACTATGGAATACTAATAGTATTGATGGGGCATCGCAGTCATTTCTCCTGGTATTTGTAGCCTCGTCAAACGCCTGCGTCACTTGTTGCTCCGGTTTCAGACTGATACCACTCAATTCTAGCTACTCAAACTTGTTCCATCTACCGCTGGACCTTATTTCTAGGTACAGATCGTGGTTCTGATGTTAGGATCATATCTACATCTCAGTCCCGCAGGTACCAATATTGGACTCACTCTAAATAAATTATG
Anacanthus,Chordata,Elasmobranchii,Myliobatiformes,Dasyatidae,GTCTAGCAACCGTGGATTCGGAGCGTCTTCATACAACTTACCAATTCATTAACCCCTCTCAAGTATTCGGCATTCCAATTATGTGCCTGAGAATCATACAGAGTCCCTCCGGAGTGGGCAAGGATGCGCCGCTGGGACCCGTACAATTCACATGGAGAAGGTTATGCTCCGTCTTGGTCATATGTCGCGCTGGAGGCTAACATCCCCTCAGTCCTATACTAAACCTTTGCCTGACTTACAGTTGTCCGACCACCAAAAATTGCCCTATCAATTCAATTTGTGTCCGAGGAACGAGTTCCATCCTTGCCCTGATATCCTCGGCAGCGCCAAAGCCAGTTCTAGGCACATTCCGATCTATACTGAAGGCGACGTGAAACGGTACTCGTTCCTTACCGCCAGCTAGGAGATTAATATCAACTTGTTGCATCGTGGGTGATACACATTCTTTGGGTTTTAGACAAATTGCCATCTTTACGATCAACGTTAATGTTTGTGACGCTTGTCACACGACGAAATGTGGACTATAGACCGGCGCCTCTGAATGCGAAACCGCTGCCCCGTGAGCGAAATTAGTTAGCGGCTATGCTGCAGAATTAGGGTATTTCCATCGCAGTTATCCATGATTAAATGCTTTAGTTTCCCGCAAGTATGGGTAGCCGATGGGTGCTGAGTCCCAATACGTATGACCCGGATTGGGGGGCGTGCCCTGAGACCCGCAACGTCCTCCCTGATTGTTGAGTAAGCACGTGCAAGGTTTGCCAAGGTGACAGCCAACCGAGGCCTGATGGGTTCGTGTTTACCCCAGTTATCCCAGCTGTCAAAGGTCCAGTATATCTTGTCGGAACGATCTCTTGTGAGATAGCAGTGGGACATTGGCCTCTGGCTATCCGCGCCGAAGCTTAAGGCCTCTCTAACGCACTTTTCCTTTCGTCTAGCATGAGTAGACACCAGGTTCAGAATATGATTAGGCTCGCTCCCCGGGTTTCATCTACCCAGGATCTAATGGCGGAGTTTGATAGGTGTCTATCTAGCCGAACCTTACCGAACTCTTCGGCGAACGCGCCAGAAAGAACATCGACGCGTACCTCTCGTTTTCTATATCCAAACGCTCCAATCGCAGTCTGTGATACTCCGATTATATCACGCTTGATTGTCGTCATGCGTTATAGAAGCCACACATCAGACCTCGGACTTTTGGTCCTTTCTATGAGCTACTTGACCATCCCAAAAGTGTCATACTGCACCCTTCTTTATAGGAAGTACTCATAGAGTGCCCTGGTGACTTGTGACCATTCGATAGGTCGGCGGAATCGTATAATTTTGTAAAGGTTGTTGCGCCATCCGGAAGATCATGTTGCTTCGAACCTGGTAAATGTCCTGTCAAATTTCCCATGGGATCTACCCGAACTGCCCTAGCCTGCACATAGTACCTAGAACAACCGGTCCAGCGAACAGGCGACACAAACCTGAAGGAGGCAGTTAGTCTCTGGGTCATCCTATTAACCGGAACATGTTAAAATGAGCCAAACATCGGCGGAAGGGCAAGGAGCACGCCCAGAATACGCCAACGATGAATGGTGTTACTCGGAGCGTGCAATCACACTCCTGGAAGTATACGTCTCCGTCAAAATTAACTGGTATGGGCCTACGTTGCCCCCGGGTTGAATAAACCGTAGGAGCGAGCACTCCGGTCTGGCGATCTAAAACAGCTATACCGTTTTTGTAAACGACCAAGCCCTCTCTTTCGTCCTATTTAGTGGGTGGGATCGGTAGTGACTCCCTTAGGATACCCGCATCGAGTGTGACTTAATACCGAAACACGTAACAGTGTTGATGTATGGGAGCGGCGGCTAAGCACACTAAACAATATATAGATACCGGCAACAATTGAGAGCGAAGTGGGGTCTCACTCATCTCACACATAGTCAGCCGAGATTCCGTTGCCCCTTAGATTATTCATGCTGTCAGAGGCTAGGTATCAGATACCCCCACATCCAGTAACACAGACGTCAACCAGTACGGCACGAATAACCAGCAAACTCAACAATAGCCCAAGAGGACTACAACAAATTCCAGTAGCAGAACAAAAACATCCGCCTAAGTATAACAAGTGGGGTCTGTAGTCAGTTATTCGGGCATATACAACATCGGTGGATTATGCGAGGGCACCGCTGGGATCGGTTTGCTACCTCACATAGGCCTTCCCGTATTACACGCGCAGTTGTCGGTCTACCGGTTACGACAGGGAACCGCAAGCTGGATCTCAGCCTAGCATGAGTGAACCTGCGCTTTGTACTAACCCAGATATCGGTGCTCTAGAGAACCCGTGTCGGAGTTTAGGTTCTCTTGTGATTAACTTCTACAGATCGCTAAAGAACACTTTAACATGAGATGAAGCCCAGAGTTTAAGATGCGCTCTCTGCACAAGAGTCGGGAAATTGCGAGATGAGACCTGAGAATTGTGGTGGCTCTCAACAAGCGCCAAAATACCATTTTTTCGTTGCAGTTCGCGTACAGATTCATGACGGGCCTATCATGTTACATGGGGGTACCTCGACGAGCCTACTTTGCCCACTCAGCCCCTCCAGGGACATCATCTAAATTTCAAAAAGGTACTCGCCTCGAGAGGGAGGAGGCCTCGATCATTTCTGGTCCACTTCTCGACCCACATGCTTTTGATTCGCAAGGGGGTTTATTCTTCCTTAGGAAAAATGCAAACCGGTTTGTTTGCGAAGTCACGACATCTGAATTGCTCCACGAGTATTAAGCCTCATCCGTGCTTGACCCCTATGAGTAGTGACGCTACCACTGGTTTCTTGTAGGTGATCGTGGATCGTTACAAGGTACATAACCAGTAACAACTACTACCGTCAGAATTTCTGTTTTCATCTGGTGCCCCAGGCCACAAGCTGAGACAAAACCTTTCCCCGCTTAAAGGAGGAACCGTAAATCTCTGACTATGCTCGCAGATCCCACCTGACTTTCGTCATCAAGCGCCGAGCTCTGGTCCTACTACCTGCTTTCAGACATAGATGGTAATAAACAGTATCAGACGAAGCACATTTCAGGCGAAGAGGATCGTGGGGAGAGACAGCGGGCTTCATGGTCCTACTCAGTTTTGGCAGGTCGGTCAGTTCGCCACTTTAGACCTTAATAGAGCCCTACTTGGGCTTAATGCCCGGCACCCGACCCATTATACTCGGACGGGATACAGGTATAGGTGCTGCAAGGAGGGAAGATCGCGAATCGATATCGTCAGTAGGCTCCCCGTTTGGTTTTTGGGCAATTGCTCAATACTTTGAGTCTAGTACATATGGAATGCGTCAGGTCGCCCTCTGCTTGTCATCGCAGCACCGTCCTTGTCTCAAGACGCGCTTTGAAGAGAGTCGATAAGGTCCATCCAGGGACTCGCAATTCCCTACATGGAGTGGCACATACTAGCTGTATTTATCGGTTATCGGAATTACACTGTTGCCTACTTGAGCTCATGGTTGACTGAAGTGTGGATGTGAGGCCACTTCACTGCGGGATAAAAAAAGCTAGGACAATCTCCATCCTAGGCTTCTGGTGCGAGGGCGCCCTTGTGCTAACTCGAGGACTCATCTAGGGTGTCGTCATATTAGCAGAAAACCTCCTACATTCTACACCGCGGTCCTCTATGCTCAGTACATATTCTGGCGCGAACAAATTCGGTGTGCCTTTCGCCGGTGTGCACCTGGTCGTGATAGTTCTGTTACTCAAACGAGGCCTTTCCCACCCAAATATCCAGCCATTCTTGCACTTTCAGCATCTACATCTATCACGTGGAAGTTTACAATAGGAGTCGTCCCCGTGGCCTAGTAGATGCATCCTCATCCGATAGCCTATGGGGGTATCTCGTTGCTGAGCGTATGCCGTCTCTTTAGCAGCCGCTAAAAATTGGCGCTCGCCTTATTTAACTTATTTCGTTGAGAGTTGGCGTTGGTGGCCTCGATTAGCGGACTGAGGTATAATGAACACCTTCTAAAGTAGTGAGGCCCACGTAGGTGAGGCAGCTAATTGTGCGAATTGGCCGTCGGTCAATACGTCTCAGAGACCTTGAGGTAAGCAGTCCTTTCTGTATTCGATATTGGGTCGCTAAGCTTTTCTAAAACCCATTGCCGCATTCAACCAACCGTATCCAAAAATAGGTCTCTCGCCCCCATGGTGTGATTTTCGACGAGAAGTGTGGGCCGTAGGAAGTCGACCCTATATAGCGGTTGACCATCGGGCAGGTACCTAAGCCGCGATTTCAGAGAAATACCTACGTGCCTCTTGGAAGTATAGCTGGGTTAGTGGCCCAATCTTCCCTTCAGGTTTAGGAGAGACATTAATTCGTGTACGAGGTTCGTATGCGTAGCGTCAAAACGCGACTGACCCGACTATCTGCGATTGGCATCCTGGCGATTCTAATCAACAAGTAGCGAGAGGCACATCACCCATACACTGTCCTTGTCCCTTTCCGAGTGATCGTTAATTCAAATAGTCTACGTTTTGTCCGACCCCCCTTTTTGGACAAGTA
Bathytoshia,Chordata,Elasmobranchii,Myliobatiformes,Dasyatidae,GATTTCCACTTCAAGAACACATTGCTAGTAAAGGGGTTGCGACGCTAATTTTCTCGATGCGCGGCTCACCGCGTTAATCCGACTTACTCTCTCAACTTGCACCTTCCAATTCTGAATCCTCCGAGCAATATCGACGTGCGTTTCCGTTGTCCGTGCGGGACTTTTTCTGGTGTCTGCGGGCGGATTGACGGGCACGTGAGGCAGAAGCGCGATTGAACAGACGCAAGGCGCCAATGGCTGGTCATACAGGGACTACAGTTAATAAAGGGACTCCAGGTCACCAGACCAATTGAAATCCCGACTTCCCCCGTACCACGCACCGAACGCAGGGATCGGTCGGCGTGACAGTTAGCATCGCTTTAGGACGACAGTCCTACCCGAATGAAATGGGCCATGGTTTGCCCCAGATCCGCTCGTCAACAATTCTAGTAGAAAAAATGGTATGACACCTATCCGATGAGTTCTCTTAGGACCTGGGCCACGCAGATGTGCTTCGCGTTGAGGTGAGAAAAGCTGCCTTAAGTACTCCCCTTCGCCCACTTCGGCTTATTTGTTAACTACATTCAGTATACATGCATTGGTTGCCATATTGATTATCAGTTACTAGGGGTAGGCGCAAGATTTGCCAACCCTAGTCCTCCGCTTTCCATATAATTCCCATCGTGTCCCATCCGCTTCCGAGCCTCAGACCGATATCTAGCTTGCAATGCCTGCCATTTTGTATTGCTCCACCAAGGTTTGGGGTCTCTGGGCACGGACGCACCCACACACAGTCTGGTTGTGTTACGCTCCATCAACCTCCACAAGTTTTTACTATTCTTTGGGGCTCCACCAACCAAGTAGTGCAGCAGCGGATTGTGTACTTGCCACAACGGTGTACCGTACCTATTGGCGCCGAACGGTCTAGTATGAAAATTGGTAGTTAGGCTTCAGAGCTAGCCGCTCTATCACACTATGTGTGAAAACTACAGTAGAAGCATTATACCCTCGCAACCGTGAAATAGTGCTCGAAATGTCCTATGGATCGGCGACTCTGGAACGCGCCCCATTTCGATCAGATATCCCTAAAGCCCCGGACATCATAAGGATATTTTTTTCACCGCCAGAGACGGAATTTAGTCGCTTCTAGCCCCACTCCAAGGGTATCTCTGAACACATCCGCGTGATTACATCCGCGCTCCCAACCTCTCTGAAGCTATGTGTGGATATAGCATCTGGAAACTAGGTTAGCACGGCACAAACGATTCCACACCGGAGAGGGCCGATTAATTTGGGTTGTATTAGCATTGTGTAGAAGTGACTTCACGCGTTGGTCGAAACTGTACCAACAGTGGAAAAACACCGGGCACGCTTGGGTGGAGACAAAAACATAACAAAGTGATCGGAATTTTCCGATAGCGACCGAGCCGGTATATCGTGGAAGAATCTAGAGGCATATAAACGAGACTCTAAGTCGGCATGCAGCCTACTGGAAAGACCTCTCGCCTTTGACTCAAAGGGTGGACCAAGAATACGCACGGGGCCGGCCTGAGCGTGTTCAGTAAGCTACATTCTAGTTACCCTCTTGGCTGGCCGCTAAGTGGGCGGTTTAACGTCTGCCACAGATTTCAGAAACCGTCACATCATCGCCGTTTTCGTCAACCACGACTTGATGCTTATGTAGTCTCTCCTTACCAAGCGTTTAAAGGGAGTGACATCACAACAGTAAGAGCATACTTCAGGTATGAATAACACTTAAGAGTCCGACACGTCCTAGCAGACCGACGCAACCTAATACCTAAATTAGCTTCCTACCTCAGCCTTGTCAGCCTGGGACCGCAAACAGTGCTCGAAAAGGATGGGAGGGATTACTGGCGTCAAGTTTGCCGTTGGGGCCTAGGCGTCAGCGACAATTTATGGTGAATGGCTGGGCTAGAAGGTCCGCACGAAGTGAGGTTAAAGCAAGTAGAGCAGTTTGTTTTTCTCTTCAATGGTCCACTCTTAGTTAATGACGTGCGACTTTGCATCAAGATCGAGTGATGGTTCGCAGCTTTCAATGAATTTTAAGTTAACGTTTAACATGACTGCACTTAGTCAGACCTACAGCTTATAAAGCGTGTGGATGGCATTTGTCTGACGGGTGGTCCAACCATCCAAGCTGGGTCATAGACTCAACCATCTATCGTACTGGTAGGAAGTCCGTTTTGTTCAGCTCAAGCGAGACTTATACTCGACGTGCCCTAGATAAAAATACTCCCTGCCGTAACACATAACCGGGATGAAGTGACGATTAAGGTGCTAAATCGACGAGAACACTTATCCATTTCACACGAGATGCCGTGAGCGAGTGGCTCGACCCCGCAATAAGCACCCCGGTGCGCATTAGCAGGAAAGGATAGGCTGCTGTCTCCATCCAACCTGTATGCCACATCTCCATAAATCGGTCATGATCAATTAATATCTCACAAAAATCAGTGCTGCCGAGAGGAATCAAGTATAGTGCGGCGGTTTAACAATACCCCGTCCAACTCCAGAAACATGATTGTGATGAAATAGGTGACTACTTCCCCAACATATCACCTTGCCTTTAGTTCGGCGGTAGTAATGATAAGTGTATTGAATATCGAGAAATAGTGGGTCCGTTCCCCACTACCAAACAATCGTAGTTTTAACAGTCAAGTATAGTTGACTTGCCACCGTGCAGTTATCCCAACGACGTACTAACGCTCAATAATGTACTACGACACAAGCCGTTGCGGATTTCAAGGCACGCTTAACAACCTGGTACGGTTAGCCCTCAAGGCGCATACAGGAATCCGCCTGGGACCTAACATACCACCAGTATAGCAATAGTTCAGAGTTATGATTAGCTCTCTCCAAAATGATGCCAGGATGCCCTTCAATAATATATTATGGGCGACTCTCCAGAGAGGCGCCAGAGGCCGTGAGACTAGTTGTGCGCGTCAAGCCGCAAGCGTAGCATTAGATTGGGGGAACCTTGCAGGGCCCACGCAGTGTTTAGTAATGTTGTGCTGCAGATCCCCCCTACTACCGCTCCCGCTGCTCTTGCGGGACACGACTAGAGGGCGCAGCCTGAAGGCCCTACGCAGCGTGTCGGGCGGTGTCGTGGGATAGGTACCGTACAGATTCACCCCTTGTGCATTAAATCATGCAGGGCGGTCTGTATGGAGACGTGGTTTTCAATGCCTATCACGATTATGAAGTGTATCGCGGGGACTTCCCGCTATTGTCACGACTTGCTACAGGGTGATTAGAGGACTCGCGTGCTCCTCTGAGCCCCATGTAACAGTATCGAAAGACTAGGAGAGGGGAGCGTTCCTTCTGGAAGATCATTATACCCTACGACCTATAGGCGTACAGGGGGCGTCCTGTTTCGAACACGCACGCAGGTTGACCAGAACACGGCGAGTTTTGTCCACTATACAATAGGCATTTACTCGGACTGTATCGGGTCCCTAACAAGCCAACGCGGATAGACTCTTACGGTCTATGGTATAGTGTTCTCTTCGAGTTTGAAGTTACGTTTTCCGGTCGTTCTATCCCTATCCTGTACCTTCCGTTCGTGGTCGGCCGATTGACCTTATAACGCTGAACAAAGTGCATTAAGAGCTGATCCGGGAGTCGGCAGATACGCCAGGCCAATTTTAACCATACGCCTGCTGAGTATATTTGTTGACGACATCGGACGTGGAGCCCGATGTTCCATTCCCATGAGACAACAGGAAAGAACAAGCCATCCTTCTGGCTAGGATCCTGAAAGGTAATCGACTACTTCGATGCATGCACCGTAGGTGAGGGGTTCATGGTAGCTGTGTACTTTACCGTCTTACCGGATGGTTTATAGAAAATTAAGACGCATGCCTGGCTCAACGATTATGTCTTACAAGGTTCAGATCCGGAGGATGCACCAAACGGGTCCAATGGCACGGCCCTGTTGGACCCCTAATTGCGTATGAACCAATGGCACGGCCAAGTCGGCCTACAATAGGCACCTCTACCTGAACCGAGACGTGGCTGCTGTCTCACAGTCGTTTCGGGGAAGGCCCCTCGCCCATGTCCCCACCACCAAAGGGGAGAAGGGTTAGACTCTCATCTGCGCGTCACCTTCTACCTTACCCCGACTGAAACGTGTCAGTGGAACCGCGGCACGGTAGTTACATGTAGGACTTCTTACGAGGCTGCTATTGTCGTTTACGAGCTTACTTACCGACGGTGACGACAAGGATGCTCATAAAACTTCAACACACGTAAACATTCACCTCCGGCCACCCGACAAAACACTCAGCCAAGTCCGGAAATGGAAATCACCAGGACCTACATTTTTCAAATGGACAGTCGAGGCGCGAGGACAACAAGATGCAGCTGCGGAGTAACTAGGACACGTTAGAGATTAGCTCTTTGCGTGGTGGAGCCCGAGAGCCCACTATCCCACGCCTCACCTGTGTTCTTCCTATGAACAGGTCTTCAAGCGATGAGATGTAGAGCCAATCCTACCTCAGCCACATTAAGCCCCCACGCAAGGGTTCCACCAGGATGCAAGGACATAGCTCGCCAACCACCTTCTGAAAGCGCTAGAGGTTTTACGTGCATGCGTCGTCTGGGATGCGCACTCCCCAATAAAATGTTTTGATAACGGTCACAGGGGGCGCGGACGGTAAATTCTACCACTGTTTAGCAGCAGCACCTGGGATCCGTGGGTGCATAACCACG
